<application>
  <component name="FindSettings">
    <option name="customScope" value="Project Files" />
    <option name="defaultScopeName" value="Project Files" />
    <option name="SEARCH_SCOPE" value="Project Files" />
    <mask>*.css</mask>
    <mask>*.html</mask>
    <mask>*.xml</mask>
    <mask>*.ets</mask>
    <mask>*.ts</mask>
    <mask>*.js</mask>
    <mask>*.ets</mask>
    <mask>*.ts</mask>
    <mask>*.js</mask>
    <mask>*.ets</mask>
    <mask>*.ts</mask>
    <mask>*.js</mask>
    <mask>*.ets</mask>
    <mask>*.ts</mask>
    <mask>*.js</mask>
  </component>
</application>