<application>
  <component name="LineMarkerSettings">
    <option name="providers">
      <map>
        <entry key="RenderedDoc" value="true" />
        <entry key="arkts.implemented" value="true" />
        <entry key="arkts.implementing" value="true" />
        <entry key="arkts.overridden" value="true" />
        <entry key="arkts.overriding" value="true" />
        <entry key="com.huawei.deveco.res.ohos.palette.JsonColorLineMarkerProvider" value="true" />
        <entry key="com.huawei.ideacpp.linemarker.CPPLineMarkerProvider" value="true" />
        <entry key="com.huawei.tools.idea.codecheck.extensions.linemarker.DefectLineMarkerProvider" value="true" />
        <entry key="com.intellij.execution.lineMarker.RunLineMarkerProvider" value="true" />
        <entry key="com.intellij.openapi.vcs.changes.ignore.codeInsight.IgnoreDirectoryMarkerProvider" value="true" />
        <entry key="com.intellij.ui.ColorLineMarkerProvider" value="true" />
        <entry key="org.editorconfig.configmanagement.editor.EditorConfigPreviewMarkerProvider" value="true" />
        <entry key="org.intellij.plugins.markdown.extensions.common.plantuml.PlantUMLCodeFenceDownloadLineMarkerProvider" value="true" />
        <entry key="org.intellij.plugins.markdown.images.editor.ConfigureHtmlImageLineMarkerProvider" value="true" />
        <entry key="org.intellij.plugins.markdown.images.editor.ConfigureMarkdownImageLineMarkerProvider" value="true" />
        <entry key="org.intellij.plugins.markdown.images.editor.ConfigureTextHtmlImageLineMarkerProvider" value="true" />
      </map>
    </option>
  </component>
</application>