<application>
  <component name="GeneralSettings">
    <option name="confirmOpenNewProject2" value="-1" />
  </component>
  <component name="Registry">
    <entry key="moved.to.new.ui" value="true" source="SYSTEM" />
    <entry key="ide.experimental.ui" value="false" source="SYSTEM" />
    <entry key="ds.ide.experimental.ui" value="true" source="SYSTEM" />
    <entry key="idea.plugins.compatible.build" value="IC-243.24978.46" source="SYSTEM" />
  </component>
  <component name="StatusBar">
    <option name="widgets">
      <map>
        <entry key="IdeaVim-Icon" value="false" />
        <entry key="IdeaVimMacro" value="false" />
        <entry key="IdeaVimMode" value="false" />
        <entry key="Notifications" value="false" />
        <entry key="com.huawei.codegenie.codeelf.widget" value="false" />
      </map>
    </option>
  </component>
</application>