<application>
  <component name="Trusted.Paths">
    <option name="TRUSTED_PROJECT_PATHS">
      <map>
        <entry key="$USER_HOME$/Documents/Dev/Go7" value="true" />
        <entry key="$USER_HOME$/Documents/Dev/MyApplication" value="true" />
        <entry key="$USER_HOME$/Documents/Dev/SunCard" value="true" />
        <entry key="$USER_HOME$/Documents/Dev/SunCardDev" value="true" />
        <entry key="$USER_HOME$/Documents/Dev/TodoList" value="true" />
      </map>
    </option>
  </component>
</application>