<application>
  <component name="DimensionService">
    <location key="find.popup.0.0.2880.1800@192dpi" x="968" y="136" />
    <size key="find.popup.0.0.2880.1800@192dpi" width="1278" height="1174" />
  </component>
  <component name="WindowManager">
    <frame x="17" y="42" width="1406" height="796" fullScreen="true" />
  </component>
  <component name="WindowStateApplicationService">
    <state x="720" y="436" width="800" height="806" key="WELCOME_SCREEN" timestamp="1754979959846">
      <screen x="0" y="25" width="1440" height="830" />
    </state>
    <state x="720" y="436" width="800" height="806" key="WELCOME_SCREEN/0.25.1440.830" timestamp="1754979959846" />
    <state width="300" height="524" key="manage.recent.projects.popup" timestamp="1754899777294">
      <screen x="0" y="25" width="1440" height="830" />
    </state>
    <state width="300" height="524" key="manage.recent.projects.popup/0.25.1440.830" timestamp="1754899777294" />
  </component>
</application>