<keymap version="1" name="macOS copy" parent="Mac OS X 10.5+">
  <action id="ActivateBuildToolWindow">
    <keyboard-shortcut first-keystroke="ctrl meta b" />
  </action>
  <action id="ActivateLogToolWindow">
    <keyboard-shortcut first-keystroke="meta alt 5" />
    <keyboard-shortcut first-keystroke="ctrl meta l" />
  </action>
  <action id="ActivatePreviewerToolWindow">
    <keyboard-shortcut first-keystroke="ctrl meta p" />
  </action>
  <action id="Activatehuawei.codegenie.codespiritToolWindowToolWindow">
    <keyboard-shortcut first-keystroke="meta i" />
  </action>
  <action id="HideSideWindows">
    <keyboard-shortcut first-keystroke="ctrl meta h" />
  </action>
  <action id="ImplementMethods" />
  <action id="UsageFiltering.Imports" />
  <action id="org.intellij.plugins.markdown.ui.actions.styling.ToggleItalicAction" />
</keymap>